City_ID,City,Lat,Lng,Max Temp,Humidity,Cloudiness,Wind Speed,Country,Date
0,haverhill,42.7762,-71.0773,6.21,88,100,5.66,US,1671153815
1,nanortalik,60.1432,-45.2371,-6.44,80,44,1.64,GL,1671153992
2,umm kaddadah,13.6017,26.6876,17.58,31,100,5.98,SD,1671153992
3,narsaq,60.9167,-46.05,-11.88,74,13,2.92,GL,1671153993
4,upernavik,72.7868,-56.1549,-5.01,83,100,11.33,GL,1671153994
5,barrow,71.2906,-156.7887,-12.99,72,100,8.75,US,1671153994
6,punta arenas,-53.15,-70.9167,13.06,71,75,8.23,CL,1671153995
7,cape town,-33.9258,18.4232,22.99,79,0,3.6,ZA,1671153913
8,airai,-8.9266,125.4092,22.47,61,92,0.98,TL,1671153995
9,kapaa,22.0752,-159.319,26.22,71,18,1.34,US,1671153996
10,nacozari,25.3366,-108.2574,18.36,53,6,3.75,MX,1671153996
11,hilo,19.7297,-155.09,27.38,77,75,4.12,US,1671153997
12,busselton,-33.65,115.3333,20.98,51,0,6.39,AU,1671153997
13,bluff,-46.6,168.3333,17.67,80,90,4.25,NZ,1671153998
14,albany,42.6001,-73.9662,2.44,83,100,1.79,US,1671153998
15,provideniya,64.3833,-173.3,-9.94,79,100,2.0,RU,1671153999
16,saint george,37.1041,-113.5841,6.33,41,0,7.72,US,1671153999
17,mount isa,-20.7333,139.5,32.87,9,0,5.66,AU,1671154000
18,bilibino,68.0546,166.4372,-19.94,79,100,2.05,RU,1671154000
19,casimiro de abreu,-22.4806,-42.2042,23.88,92,21,1.85,BR,1671154001
20,hermanus,-34.4187,19.2345,22.11,90,100,3.49,ZA,1671154001
21,taoudenni,22.6783,-3.9836,23.77,23,0,2.28,ML,1671154002
22,lasa,46.6166,10.7002,2.49,97,100,1.61,IT,1671154002
23,kahului,20.8947,-156.47,27.76,66,20,4.12,US,1671153749
24,east london,-33.0153,27.9116,19.9,83,9,1.8,ZA,1671154003
25,new norfolk,-42.7826,147.0587,13.84,71,100,0.45,AU,1671154003
26,esperance,-33.8667,121.9,18.81,58,30,8.01,AU,1671154004
27,kurchum,48.5722,83.6542,-27.59,90,10,0.97,KZ,1671154004
28,namibe,-15.1961,12.1522,20.19,83,46,1.94,AO,1671154004
29,saravena,6.9538,-71.8752,23.51,80,100,1.14,CO,1671154005
30,rikitea,-23.1203,-134.9692,23.57,74,48,3.23,PF,1671153864
31,mataura,-46.1927,168.8643,17.49,63,100,1.66,NZ,1671154006
32,zhigansk,66.7697,123.3711,-43.24,99,88,1.99,RU,1671154006
33,ushuaia,-54.8,-68.3,9.81,71,75,2.57,AR,1671154007
34,leh,34.1667,77.5833,-9.87,45,91,1.02,IN,1671154007
35,camacha,33.0833,-16.3333,15.68,63,40,7.2,PT,1671154008
36,nouadhibou,20.931,-17.0347,19.99,83,0,8.23,MR,1671154008
37,kaitangata,-46.2817,169.8464,16.58,78,100,2.79,NZ,1671154009
38,krasnorechenskiy,44.6265,135.3532,-21.39,81,76,7.75,RU,1671154009
39,yaan,7.3833,8.5667,24.61,25,92,0.49,NG,1671154009
40,bredasdorp,-34.5322,20.0403,20.43,95,100,4.5,ZA,1671154010
41,lata,40.1629,-8.3327,11.62,94,100,3.54,PT,1671154011
42,atuona,-9.8,-139.0333,25.64,77,3,8.22,PF,1671154011
43,logan,41.7355,-111.8344,-3.61,86,75,2.01,US,1671153713
44,hualmay,-11.0964,-77.6139,21.19,83,100,3.45,PE,1671154012
45,nyergesujfalu,47.7603,18.5569,4.49,98,100,1.95,HU,1671154012
46,ponta do sol,32.6667,-17.1,16.51,79,45,6.0,PT,1671154013
47,severo-kurilsk,50.6789,156.125,-2.28,71,91,7.0,RU,1671154013
48,hithadhoo,-0.6,73.0833,27.14,72,72,5.24,MV,1671154014
49,lebu,-37.6167,-73.65,14.45,81,0,10.17,CL,1671154014
50,bossangoa,6.4926,17.4552,21.37,30,0,0.52,CF,1671154014
51,klaksvik,62.2266,-6.589,-2.49,50,100,3.19,FO,1671154015
52,hirara,24.8,125.2833,24.15,88,75,7.72,JP,1671154015
53,qaanaaq,77.484,-69.3632,-7.76,72,100,3.37,GL,1671154016
54,thompson,55.7435,-97.8558,-8.91,92,100,5.66,CA,1671154016
55,wajima,37.4,136.9,4.38,100,40,2.06,JP,1671154017
56,katherine,-14.4667,132.2667,33.18,52,40,2.06,AU,1671154017
57,marquette,46.5333,-87.6335,-0.31,92,94,3.95,US,1671154018
58,lompoc,34.6391,-120.4579,13.08,81,0,1.54,US,1671154018
59,ozernovskiy,51.5,156.5167,-1.64,64,100,8.23,RU,1671154018
60,port alfred,-33.5906,26.891,20.1,96,45,0.89,ZA,1671154019
61,dikson,73.5069,80.5464,-13.48,94,100,9.66,RU,1671154019
62,jumla,29.2747,82.1838,3.7,16,0,2.19,NP,1671154020
63,padang,-0.9492,100.3543,27.03,70,45,0.79,ID,1671153692
64,bhatkal,13.9667,74.5667,22.79,61,2,2.16,IN,1671154021
65,sebastian,35.1668,-94.2669,4.33,67,0,2.25,US,1671154021
66,puerto ayora,-0.7393,-90.3518,21.42,96,20,1.34,EC,1671154022
67,kruisfontein,-34.0033,24.7314,19.05,94,100,1.73,ZA,1671154022
68,jamestown,42.097,-79.2353,3.17,75,100,4.63,US,1671153951
69,talnakh,69.4865,88.3972,-16.55,86,100,7.44,RU,1671154023
70,ambilobe,-13.2,49.05,23.34,89,100,1.05,MG,1671154023
71,fortuna,40.5982,-124.1573,8.19,85,0,2.57,US,1671154024
72,bengkulu,-3.8004,102.2655,25.72,78,98,1.89,ID,1671154024
73,port augusta,-32.5,137.7667,23.19,27,94,4.29,AU,1671154025
74,hobart,-42.8794,147.3294,14.03,93,75,7.2,AU,1671154025
75,saint-philippe,-21.3585,55.7679,23.77,86,67,6.25,RE,1671154026
76,mahebourg,-20.4081,57.7,24.16,73,40,4.12,MU,1671154026
77,belaya gora,68.5333,146.4167,-43.8,98,24,1.12,RU,1671154027
78,olinda,-8.0089,-34.8553,26.85,69,20,2.57,BR,1671153788
79,norman wells,65.282,-126.8329,-20.98,77,100,1.54,CA,1671153785
80,faanui,-16.4833,-151.75,26.94,76,100,7.82,PF,1671154028
81,ruwi,23.5996,58.5507,17.83,55,2,1.18,OM,1671154028
82,butaritari,3.0707,172.7902,27.52,74,33,3.28,KI,1671154029
83,iwanai,42.9744,140.5089,-5.75,80,100,10.07,JP,1671154029
84,la paz,-16.5,-68.15,9.99,66,75,3.09,BO,1671154030
85,ixtapa,20.7,-105.2,23.57,73,20,3.6,MX,1671154030
86,manjacaze,-24.7117,33.8828,23.41,88,100,1.72,MZ,1671154030
87,ilulissat,69.2167,-51.1,-2.99,93,75,6.69,GL,1671154031
88,de aar,-30.6497,24.0123,21.9,52,98,1.45,ZA,1671154031
89,blackwater,-23.5833,148.8833,29.13,22,0,3.63,AU,1671154032
90,yellowknife,62.456,-114.3525,-20.25,84,100,1.03,CA,1671154024
91,san blas,21.5167,-105.2667,22.94,85,0,0.69,MX,1671154033
92,acarau,-2.8856,-40.12,26.31,78,100,6.78,BR,1671154034
93,carnarvon,-24.8667,113.6333,25.14,61,0,5.28,AU,1671154034
94,ganzhou,28.8184,115.4327,9.66,54,100,3.3,CN,1671154034
95,san patricio,28.017,-97.5169,18.8,53,5,3.58,US,1671154035
96,longkou,37.6508,120.3286,-0.86,47,100,3.73,CN,1671154035
97,chapais,49.7834,-74.8492,-4.12,90,100,5.56,CA,1671154036
98,palmer,42.1584,-72.3287,4.17,85,100,2.06,US,1671154036
99,whitehorse,60.7161,-135.0538,-5.69,96,100,3.0,CA,1671153553
100,port elizabeth,-33.918,25.5701,19.62,98,37,1.56,ZA,1671153800
101,kropotkin,45.4375,40.5756,4.77,89,100,2.87,RU,1671154038
102,honiara,-9.4333,159.95,29.33,73,37,1.55,SB,1671153981
103,sola,-13.8833,167.55,27.88,62,83,5.45,VU,1671154038
104,grand-bourg,15.8835,-61.3148,26.11,78,0,7.79,GP,1671154039
105,weligama,5.9667,80.4167,23.86,88,100,1.41,LK,1671153895
106,pisco,-13.7,-76.2167,21.68,83,0,3.6,PE,1671154040
107,dandong,40.1292,124.3947,-11.74,46,9,3.22,CN,1671154040
108,tasiilaq,65.6145,-37.6368,-6.91,61,74,1.98,GL,1671154041
109,cayenne,4.9333,-52.3333,25.02,88,75,2.06,GF,1671154041
110,dicabisagan,17.0818,122.4157,26.4,88,100,2.85,PH,1671153807
111,avarua,-21.2078,-159.775,24.03,94,100,5.14,CK,1671154042
112,cherskiy,68.75,161.3,-32.9,89,100,0.48,RU,1671154043
113,kortkeros,61.8106,51.5806,-7.0,93,44,3.38,RU,1671154043
114,vilhena,-12.7406,-60.1458,20.79,95,99,0.82,BR,1671154044
115,kidal,18.4411,1.4078,21.27,19,0,3.91,ML,1671154044
116,abong mbang,3.9833,13.1833,19.83,61,23,1.18,CM,1671154045
117,naze,28.3667,129.4833,15.51,79,100,7.55,JP,1671153868
118,burnie,-41.0667,145.9167,16.64,52,1,3.42,AU,1671154045
119,athabasca,54.7169,-113.2854,-10.77,98,98,1.28,CA,1671154046
120,isangel,-19.55,169.2667,29.06,65,75,4.12,VU,1671154046
121,katsuura,35.1333,140.3,11.04,57,0,4.8,JP,1671154047
122,mende,44.6667,3.5,1.35,99,100,1.44,FR,1671154047
123,liepaja,56.5419,21.0367,-3.01,93,75,3.6,LV,1671154048
124,colares,38.7992,-9.4469,15.42,91,28,5.36,PT,1671154048
125,constitucion,-35.3333,-72.4167,16.04,72,0,6.42,CL,1671154049
126,aden,12.7794,45.0367,24.99,66,33,4.03,YE,1671154049
127,mazagao,-0.115,-51.2894,27.03,78,100,2.4,BR,1671154050
128,aklavik,68.2191,-135.0107,-21.77,88,64,5.26,CA,1671154050
129,ampanihy,-24.7,44.75,22.84,78,100,0.81,MG,1671154051
130,vardo,70.3705,31.1107,1.99,80,75,12.86,NO,1671154051
131,locri,38.2414,16.2623,16.8,94,100,1.19,IT,1671154051
132,tari,12.4086,4.4914,21.78,18,100,3.4,NG,1671154052
133,vostok,46.4856,135.8833,-24.61,88,100,2.85,RU,1671154052
134,kavaratti,10.5669,72.642,27.55,71,0,4.7,IN,1671154053
135,necochea,-38.5473,-58.7368,12.8,76,0,4.54,AR,1671154018
136,flin flon,54.7682,-101.865,-11.17,92,100,5.64,CA,1671154054
137,lokosovo,61.1333,74.8167,-17.03,81,0,5.24,RU,1671154054
138,westport,41.1415,-73.3579,6.12,87,100,8.49,US,1671154054
139,laguna,38.421,-121.4238,10.17,76,0,2.57,US,1671153850
140,fremont,37.5483,-121.9886,12.04,67,75,0.0,US,1671154012
141,kodiak,57.79,-152.4072,2.73,100,100,2.06,US,1671154055
142,chimbote,-9.0853,-78.5783,20.52,84,100,2.54,PE,1671154056
143,kalianget,-7.05,113.9333,27.61,76,100,2.17,ID,1671154056
144,torma,58.8128,26.7383,-11.27,98,100,1.13,EE,1671154057
145,ojinaga,29.5667,-104.4167,11.98,32,0,0.0,MX,1671154057
146,saskylakh,71.9167,114.0833,-37.4,100,94,0.27,RU,1671154058
147,quatre cocos,-20.2078,57.7625,24.06,66,99,5.59,MU,1671154059
148,college,64.8569,-147.8028,-12.82,75,100,4.63,US,1671153872
149,nikolskoye,59.7035,30.7861,-8.06,99,94,1.64,RU,1671154059
150,puerto narino,-3.7703,-70.3831,23.11,98,100,0.7,CO,1671154060
151,castro,-24.7911,-50.0119,15.31,67,0,0.88,BR,1671154060
152,columbia,34.0007,-81.0348,7.62,94,0,0.0,US,1671153531
153,anadyr,64.75,177.4833,-5.72,85,40,16.99,RU,1671154061
154,masoyila,8.6097,-13.19,25.63,80,0,2.53,SL,1671154061
155,pontes e lacerda,-15.2261,-59.3353,22.75,95,100,1.37,BR,1671154062
156,astana,51.1801,71.446,-23.03,70,0,4.0,KZ,1671154005
157,tuatapere,-46.1333,167.6833,17.72,88,71,2.28,NZ,1671154062
158,bokoro,12.3807,17.0568,22.09,16,25,4.52,TD,1671154063
159,shar,49.5886,81.0453,-21.7,84,3,3.71,KZ,1671154063
160,touros,-5.1989,-35.4608,25.62,77,100,5.57,BR,1671154064
161,atbasar,51.8,68.3333,-20.71,88,65,2.28,KZ,1671154065
162,wanning,18.8003,110.3967,19.46,92,100,5.14,CN,1671154065
163,carman,49.4992,-98.0016,-2.84,86,100,6.17,CA,1671154066
164,oppdal,62.5943,9.6912,-11.59,83,83,4.41,NO,1671154066
165,guerrero negro,27.9769,-114.0611,15.62,48,100,4.45,MX,1671154067
166,high level,58.5169,-117.136,-10.94,92,100,3.09,CA,1671153907
167,rongcheng,30.634,117.8517,7.07,70,100,3.43,CN,1671154067
168,karratha,-20.7377,116.8463,30.17,33,0,6.68,AU,1671153794
169,aquiraz,-3.9014,-38.3911,27.32,79,73,4.92,BR,1671154068
170,kununurra,-15.7667,128.7333,32.99,52,11,1.54,AU,1671154068
171,tuktoyaktuk,69.4541,-133.0374,-23.0,77,20,2.06,CA,1671154069
172,cidreira,-30.1811,-50.2056,21.89,86,100,3.21,BR,1671154069
173,ribeira grande,38.5167,-28.7,15.43,94,100,9.83,PT,1671154070
174,linfen,36.0889,111.5189,0.8,31,100,3.87,CN,1671154070
175,wewak,-3.5534,143.6268,26.54,83,100,0.52,PG,1671154071
176,gwanda,-20.9333,29.0,21.38,74,100,0.67,ZW,1671154071
177,sabha,27.0377,14.4283,18.45,34,0,3.75,LY,1671154072
178,vaini,-21.2,-175.2,28.09,78,40,6.69,TO,1671154072
179,luderitz,-26.6481,15.1594,18.51,95,79,3.3,NA,1671154073
180,port hardy,50.6996,-127.4199,2.1,100,75,1.03,CA,1671154073
181,yambio,4.5721,28.3955,21.14,68,5,0.44,SS,1671154073
182,baruun-urt,46.6806,113.2792,-24.13,80,14,4.56,MN,1671154074
183,leningradskiy,69.3833,178.4167,-24.06,88,100,2.72,RU,1671154074
184,acapulco,16.8634,-99.8901,25.9,73,0,0.0,MX,1671154075
185,vao,-22.6667,167.4833,25.05,65,0,3.75,NC,1671154075
186,vila franca do campo,37.7167,-25.4333,15.23,76,100,2.01,PT,1671154076
187,salalah,17.0151,54.0924,24.05,43,0,3.09,OM,1671154076
188,polunochnoye,60.8697,60.4153,-19.43,98,8,1.83,RU,1671154077
189,arraial do cabo,-22.9661,-42.0278,21.98,78,0,3.6,BR,1671154077
190,ayan,56.45,138.1667,-24.58,70,100,8.85,RU,1671154078
191,yerbogachen,61.2767,108.0108,-19.86,97,100,2.94,RU,1671154078
192,valverde del camino,37.5751,-6.7543,10.02,92,38,1.38,ES,1671154079
193,jhelum,32.9331,73.7264,11.33,31,3,1.26,PK,1671154079
194,torbay,47.6666,-52.7314,3.65,97,100,12.96,CA,1671154080
195,bethel,41.3712,-73.414,4.75,85,100,6.17,US,1671154080
196,alamosa,37.4695,-105.87,-5.01,50,100,2.06,US,1671154081
197,gavle,60.6745,17.1417,-12.38,94,41,1.86,SE,1671154081
198,portland,45.5234,-122.6762,6.02,75,20,3.13,US,1671153235
199,mezen,65.8522,44.24,-7.36,86,100,6.67,RU,1671154082
200,chiquilistlan,20.2,-103.8167,14.88,34,10,2.11,MX,1671154083
201,porto velho,-8.7619,-63.9039,26.03,89,75,1.54,BR,1671154083
202,telega,45.1333,25.7833,6.98,91,99,0.67,RO,1671154084
203,sao felix do xingu,-6.6447,-51.995,23.51,85,35,0.47,BR,1671154084
204,port macquarie,-31.4333,152.9167,19.38,66,47,4.92,AU,1671154085
205,kiama,-34.6833,150.8667,21.25,48,73,8.65,AU,1671154085
206,taksimo,56.3444,114.8794,-29.76,89,89,1.8,RU,1671154086
207,beya,53.0533,90.9139,-22.12,90,15,1.39,RU,1671154086
208,la seyne-sur-mer,43.0982,5.8847,12.7,89,100,0.45,FR,1671154086
209,nome,64.5011,-165.4064,-19.1,90,5,2.29,US,1671154087
210,praia,14.9215,-23.5087,23.3,73,0,5.66,CV,1671154088
211,coquimbo,-29.9533,-71.3436,16.85,94,0,4.12,CL,1671153912
212,nabire,-3.3667,135.4833,28.61,75,50,1.27,ID,1671154088
213,roma,43.2128,-75.4557,1.95,91,100,5.14,US,1671154046
214,corinth,37.9407,22.9573,14.94,81,40,1.01,GR,1671154089
215,musoma,-1.5,33.8,19.48,84,100,3.09,TZ,1671154090
216,ahuimanu,21.4447,-157.8378,27.98,66,20,4.12,US,1671154090
217,payo,-3.7508,103.6372,25.34,86,90,0.3,ID,1671154091
218,ortigueira,-24.2083,-50.9494,17.55,80,3,0.3,BR,1671154091
219,marovoay,-16.1,46.6333,25.23,81,71,1.36,MG,1671154092
220,sao filipe,14.8961,-24.4956,25.21,68,0,5.49,CV,1671154092
221,hay river,60.8156,-115.7999,-16.01,85,75,4.12,CA,1671154092
222,waipawa,-41.4122,175.5153,21.62,70,100,3.69,NZ,1671154093
223,cockburn town,21.4612,-71.1419,24.98,65,40,2.57,TC,1671153863
224,beringovskiy,63.05,179.3167,-3.21,77,100,7.94,RU,1671154094
225,clyde river,70.4692,-68.5914,-13.87,66,0,7.2,CA,1671154094
226,bacolod,10.6667,122.95,28.62,73,98,4.59,PH,1671154095
227,teguise,29.0605,-13.564,15.12,82,20,3.6,ES,1671154095
228,bari,41.1177,16.8512,17.19,83,75,3.6,IT,1671154096
229,haines junction,60.7522,-137.5108,-2.03,59,99,9.77,CA,1671154096
230,omboue,-1.5746,9.2618,25.1,86,100,2.17,GA,1671154097
231,bambous virieux,-20.3428,57.7575,24.14,73,40,4.12,MU,1671154097
232,hervey bay,-25.2986,152.8535,24.95,53,45,0.62,AU,1671154098
233,galveston,29.3669,-94.9669,13.98,65,0,2.57,US,1671153867
234,snasa,64.2457,12.3778,-11.33,97,100,1.57,NO,1671154098
235,adrar,20.5022,-10.0711,21.63,33,0,3.6,MR,1671154099
236,san luis,-33.295,-66.3356,21.39,26,0,5.97,AR,1671154099
237,berlevag,70.8578,29.0864,1.0,75,75,12.35,NO,1671154100
238,mingaora,34.7758,72.3625,9.72,24,5,3.7,PK,1671153841
239,san cristobal,7.7669,-72.225,22.1,92,85,0.83,VE,1671153804
240,cabo san lucas,22.8909,-109.9124,21.17,64,0,2.57,MX,1671153863
241,sawakin,19.1059,37.3321,24.55,69,82,4.85,SD,1671154101
242,hofn,64.2539,-15.2082,-6.21,62,100,8.69,IS,1671154102
243,the pas,53.8251,-101.2541,-9.99,85,100,7.2,CA,1671154102
244,harlingen,26.1906,-97.6961,19.05,67,0,3.6,US,1671154103
245,san vicente,-26.6167,-54.1333,19.98,72,46,0.49,AR,1671154104
246,lago da pedra,-4.3333,-45.1667,22.89,95,100,1.59,BR,1671154104
247,victoria,22.2855,114.1577,18.47,91,99,4.92,HK,1671153864
248,arlit,18.7369,7.3853,21.19,17,100,3.98,NE,1671154105
249,olafsvik,64.8945,-23.7142,-4.16,55,100,6.32,IS,1671154105
250,souillac,-20.5167,57.5167,24.21,73,40,4.12,MU,1671154106
251,arkhangelsk,64.5401,40.5433,-4.94,86,100,4.0,RU,1671154107
252,valle de allende,26.9333,-105.4,11.91,18,23,2.42,MX,1671154107
253,puerto quijarro,-17.7833,-57.7667,22.94,94,100,1.69,BO,1671154107
254,burns lake,54.2331,-125.7533,-10.32,98,100,0.14,CA,1671154108
255,kysyl-syr,63.8986,122.7617,-41.41,100,55,1.13,RU,1671154108
256,ust-omchug,61.15,149.6333,-27.58,96,94,4.69,RU,1671154109
257,magadan,59.5667,150.8,-17.34,80,100,11.07,RU,1671154109
258,bathsheba,13.2167,-59.5167,27.34,91,40,8.75,BB,1671154110
259,hasaki,35.7333,140.8333,9.22,44,0,5.33,JP,1671154110
260,mar del plata,-38.0023,-57.5575,16.72,73,40,6.17,AR,1671154111
261,dunkirk,51.05,2.3667,3.01,94,76,8.41,FR,1671154111
262,caravelas,-17.7125,-39.2481,20.06,96,100,0.17,BR,1671154112
263,kassala,15.451,36.4,21.64,81,8,3.49,SD,1671154112
264,polyarnyy,69.1989,33.4478,-10.44,91,100,8.19,RU,1671154113
265,zlobin,45.2924,14.6541,11.61,85,75,6.17,HR,1671154113
266,los llanos de aridane,28.6585,-17.9182,15.86,63,75,3.6,ES,1671153815
267,shimoda,34.6667,138.95,12.2,62,0,11.73,JP,1671154114
268,miranda,3.2499,-76.2281,21.07,92,88,2.5,CO,1671154114
269,anaconda,46.1285,-112.9423,-6.45,96,84,1.67,US,1671154115
270,megion,61.0296,76.1136,-18.88,83,9,5.27,RU,1671154115
271,gejiu,23.306,103.1635,6.53,90,69,1.13,CN,1671154116
272,tiksi,71.6872,128.8694,-33.5,100,99,0.95,RU,1671154116
273,qabaqcol,41.72,46.2647,7.02,82,60,0.9,AZ,1671154117
274,mvomero,-6.25,38.6667,23.34,95,30,0.64,TZ,1671154117
275,cape coast,5.1053,-1.2466,26.0,87,100,3.37,GH,1671154117
276,daru,-9.0763,143.2092,26.93,84,100,1.63,PG,1671154118
277,salinopolis,-0.6136,-47.3561,25.5,86,66,4.17,BR,1671154119
278,cabedelo,-6.9811,-34.8339,26.37,76,100,4.4,BR,1671154119
279,ohangaron,40.9064,69.6383,6.08,48,0,1.94,UZ,1671154120
280,fairlie,55.756,-4.8556,-4.05,83,88,0.55,GB,1671154120
281,yumen,40.2833,97.2,-15.51,92,85,0.17,CN,1671154121
282,lima,-12.0432,-77.0282,21.61,82,75,6.17,PE,1671153867
283,cairns,-16.9167,145.7667,36.15,67,4,3.09,AU,1671154121
284,alofi,-19.0595,-169.9187,27.94,69,75,5.14,NU,1671154122
285,dingle,10.9995,122.6711,27.96,79,100,5.54,PH,1671154122
286,ronne,55.1009,14.7066,-6.05,93,6,1.54,DK,1671154123
287,quesnel,52.9999,-122.5029,-11.72,92,20,0.0,CA,1671153790
288,maicao,11.3832,-72.2432,25.47,79,94,6.71,CO,1671154123
289,yashkul,46.1711,45.3435,-0.29,79,100,2.95,RU,1671154124
290,turbat,26.0023,63.044,17.04,20,0,4.09,PK,1671154124
291,luang prabang,19.8856,102.1347,15.98,88,100,2.06,LA,1671154125
292,caledonia,42.8078,-87.9242,0.45,90,100,4.63,US,1671154125
293,saint-pierre,-21.3393,55.4781,23.84,78,40,1.54,RE,1671154126
294,inhambane,-23.865,35.3833,25.24,86,100,1.97,MZ,1671154126
295,yerazgavors,40.7,43.75,1.43,93,100,0.51,AM,1671154127
296,ejura,7.3856,-1.3562,22.98,46,4,1.8,GH,1671154128
297,georgetown,5.4112,100.3354,27.96,81,20,2.57,MY,1671154128
298,douglas,41.3,-96.167,-4.01,75,100,6.69,US,1671154128
299,huarmey,-10.0681,-78.1522,21.34,81,100,3.09,PE,1671154129
300,antofagasta,-23.65,-70.4,19.6,80,43,1.55,CL,1671153753
301,stephenville,32.2207,-98.2023,7.74,55,0,2.06,US,1671154040
302,kinkala,-4.3614,14.7644,20.42,97,100,0.72,CG,1671154130
303,diamantino,-14.4086,-56.4461,22.54,93,100,1.34,BR,1671154130
304,boende,-0.2167,20.8667,21.18,93,63,0.64,CD,1671154131
305,cambridge,43.3601,-80.3127,1.65,97,100,4.63,CA,1671154127
306,balabac,7.9868,117.0645,27.91,80,100,7.03,PH,1671154131
307,tautira,-17.7333,-149.15,26.84,76,100,6.58,PF,1671154132
308,vestmannaeyjar,63.4427,-20.2734,-4.82,75,31,6.17,IS,1671154132
309,port lincoln,-34.7333,135.8667,16.53,61,76,6.72,AU,1671154133
310,sanbu,33.4594,119.1453,3.8,64,100,6.55,CN,1671154133
311,palana,59.1167,159.9667,-3.74,96,100,5.96,RU,1671154134
312,limbang,4.75,115.0,27.06,85,79,1.45,MY,1671154134
313,okhtyrka,50.3104,34.8988,-0.68,98,100,1.77,UA,1671154135
314,geraldton,-28.7667,114.6,29.23,28,0,9.77,AU,1671154135
315,zambrow,52.9855,22.2432,-10.92,98,82,2.02,PL,1671154136
316,agirish,61.9247,63.0231,-15.83,97,64,2.46,RU,1671154136
317,pacific grove,36.6177,-121.9166,11.82,78,0,0.89,US,1671154137
318,djenne,13.9061,-4.5533,22.92,12,0,3.16,ML,1671154137
319,srednekolymsk,67.45,153.6833,-31.45,95,100,6.91,RU,1671154138
320,atasu,48.6814,71.6433,-15.16,73,93,3.85,KZ,1671154138
321,coihaique,-45.5752,-72.0662,12.34,66,0,0.51,CL,1671153984
322,chandrakona,22.7333,87.5167,14.07,34,7,3.65,IN,1671154139
323,cuenca,-2.8833,-78.9833,14.07,67,20,2.06,EC,1671154139
324,wilkie,52.4168,-108.7014,-10.79,100,90,2.26,CA,1671154140
325,nelson bay,-32.7167,152.15,16.67,75,73,8.13,AU,1671154140
326,kokopo,-4.352,152.2633,29.8,64,65,3.16,PG,1671154141
327,longyearbyen,78.2186,15.6401,-15.09,72,75,4.12,SJ,1671154141
328,hanna,51.6334,-111.9018,-12.3,89,11,4.02,CA,1671154142
329,pouembout,-21.1333,164.9,29.09,63,72,0.88,NC,1671154142
330,nemuro,43.3236,145.575,-3.62,54,20,9.31,JP,1671154142
331,tura,25.5198,90.2201,14.37,68,6,1.27,IN,1671154143
332,asau,46.4333,26.4,-0.4,91,100,1.44,RO,1671154143
333,sitka,57.0531,-135.33,5.94,87,75,3.09,US,1671154144
334,alyangula,-13.8483,136.4192,30.92,58,100,1.8,AU,1671154144
335,sao joao dos patos,-6.495,-43.7022,21.41,87,97,1.18,BR,1671154145
336,henties bay,-22.116,14.2845,17.98,85,100,0.67,NA,1671154145
337,pontianak,-0.0333,109.3333,23.99,94,40,2.57,ID,1671154146
338,aykino,62.2248,49.9922,-12.18,94,95,3.04,RU,1671154146
339,umm lajj,25.0213,37.2685,23.23,35,0,6.0,SA,1671154147
340,jagannathpur,22.2333,85.65,14.06,46,26,0.9,IN,1671154147
341,grand forks,47.9417,-97.4337,-3.04,86,100,9.77,US,1671154148
342,wattegama,6.7989,81.4808,21.41,89,33,1.88,LK,1671154148
343,nishihara,26.1842,127.7558,19.6,94,100,9.77,JP,1671154148
344,lagoa,39.05,-27.9833,14.95,82,100,9.51,PT,1671154149
345,gaya,24.7833,85.0,8.95,76,13,0.0,IN,1671154023
346,chau doc,10.7,105.1167,24.09,72,19,4.97,VN,1671154150
347,prosperous,53.2903,-6.7539,0.59,98,49,1.59,IE,1671154150
348,aykhal,66.0,111.5,-29.6,100,100,3.0,RU,1671154151
349,nizhniy bestyakh,61.9594,129.9086,-45.29,64,100,0.0,RU,1671154151
350,tyubuk,56.0552,60.9405,-15.28,96,14,2.01,RU,1671154152
351,staryy nadym,65.6118,72.6842,-11.82,89,100,7.61,RU,1671154152
352,asilah,35.465,-6.0348,13.98,80,28,7.27,MA,1671154153
353,maceio,-9.6658,-35.7353,24.69,88,0,2.57,BR,1671154153
354,san jeronimo,-11.9472,-75.2829,9.26,92,100,2.85,PE,1671154154
355,darhan,49.4867,105.9228,-24.54,86,81,2.68,MN,1671154154
356,anloga,5.7947,0.8973,26.92,84,100,2.88,GH,1671154155
357,lavrentiya,65.5833,-171.0,-19.9,88,65,2.11,RU,1671154155
358,opuwo,-18.0607,13.84,19.36,78,37,1.48,NA,1671154156
359,harrisburg,40.2737,-76.8844,4.85,92,100,4.63,US,1671153857
360,tessalit,20.1986,1.0114,20.48,20,0,2.84,ML,1671154156
361,caraballeda,10.6112,-66.8522,26.59,76,20,2.06,VE,1671154157
362,bay roberts,47.5999,-53.2648,4.07,95,100,8.49,CA,1671154157
363,sinazongwe,-17.2614,27.4618,22.78,77,80,2.14,ZM,1671154158
364,mikuni,36.2171,136.1519,5.95,83,100,5.92,JP,1671154158
365,hamilton,39.1834,-84.5333,6.44,72,100,4.63,US,1671153919
366,kondinskoye,59.6481,67.41,-18.12,93,23,4.32,RU,1671154159
367,tigil,57.8,158.6667,-3.88,64,100,6.17,RU,1671154159
368,ust-kuyga,70.0167,135.6,-46.88,100,95,0.83,RU,1671154160
369,ibra,22.6906,58.5334,16.64,47,1,1.55,OM,1671154160
370,batagay,67.6333,134.6333,-48.23,99,76,0.54,RU,1671154161
371,kattivakkam,13.2167,80.3167,23.05,78,62,3.27,IN,1671154161
372,khatanga,71.9667,102.5,-28.34,99,100,2.01,RU,1671154162
373,saldanha,-33.0117,17.9442,19.03,92,14,4.02,ZA,1671154162
374,moengo,5.6167,-54.4,22.72,96,78,1.08,SR,1671153926
375,tomatlan,19.9333,-105.25,19.27,83,8,0.91,MX,1671154163
376,san quintin,30.4833,-115.95,14.69,54,100,3.5,MX,1671154163
377,sao borja,-28.6606,-56.0044,22.75,27,5,3.67,BR,1671154164
378,meulaboh,4.1363,96.1285,25.66,88,83,3.88,ID,1671154164
379,saint-joseph,-21.3667,55.6167,23.21,84,67,4.5,RE,1671154165
380,upata,8.0086,-62.3989,22.88,94,7,1.79,VE,1671154165
381,marawi,7.9986,124.2928,23.81,71,100,1.41,PH,1671154166
382,sur,22.5667,59.5289,22.65,53,0,4.31,OM,1671154166
383,aleksandrov gay,50.147,48.5704,-3.03,86,100,3.9,RU,1671154167
384,nur,52.6683,22.3221,-9.96,96,100,2.37,PL,1671154167
385,zamboanguita,9.1025,123.1996,29.97,81,100,8.21,PH,1671154168
386,sao joao da barra,-21.6403,-41.0511,22.95,78,93,3.18,BR,1671154168
387,ribeira do pombal,-10.8344,-38.5358,24.11,80,100,2.68,BR,1671154168
388,sept-iles,50.2001,-66.3821,-3.0,74,20,3.09,CA,1671153902
389,sabang,5.8933,95.3214,26.82,81,63,5.14,ID,1671154169
390,mwinilunga,-11.7358,24.4293,16.68,97,100,0.67,ZM,1671154170
391,sioux lookout,50.1001,-91.917,-4.96,86,100,2.57,CA,1671154170
392,margate,51.3813,1.3862,4.27,81,7,2.24,GB,1671154171
393,adre,13.4667,22.2,17.7,26,100,6.17,TD,1671154171
394,ranong,9.9658,98.6348,26.96,86,98,2.96,TH,1671154172
395,ust-nera,64.5667,143.2,-37.56,100,100,1.19,RU,1671154172
396,hede,33.7681,120.2517,4.79,64,100,6.53,CN,1671154173
397,potchefstroom,-26.7167,27.1,18.43,77,100,2.23,ZA,1671154173
398,paamiut,61.994,-49.6678,-5.12,70,100,3.22,GL,1671154174
399,port hedland,-20.3167,118.5667,36.03,19,0,5.14,AU,1671154174
400,jiblah,13.9216,44.1467,12.27,75,37,0.57,YE,1671154175
401,hambantota,6.1241,81.1185,21.19,100,20,0.0,LK,1671154175
402,saint anthony,45.0205,-93.218,0.69,94,100,3.09,US,1671154176
403,leninsk,48.7119,45.1994,-2.89,95,100,3.23,RU,1671154176
404,calama,-22.4667,-68.9333,16.27,27,0,6.17,CL,1671153847
405,kupang,-10.1667,123.5833,30.32,79,40,2.57,ID,1671154177
406,marfino,55.7028,37.3822,-2.85,86,100,6.0,RU,1671154177
407,ahipara,-35.1667,173.1667,23.27,62,1,2.48,NZ,1671154178
408,sistranda,63.7256,8.834,-1.02,68,100,6.84,NO,1671154179
409,batagay-alyta,67.8006,130.4114,-36.36,95,12,1.74,RU,1671154179
410,changchun,43.88,125.3228,-16.02,55,0,4.77,CN,1671154179
411,terrace,54.5163,-128.6035,-6.05,93,100,0.0,CA,1671154180
412,penzance,50.1186,-5.5371,-1.62,67,1,4.93,GB,1671154180
413,chingirlau,51.095,54.0814,-6.81,66,82,3.16,KZ,1671154181
414,matay,28.419,30.7792,16.04,60,0,3.8,EG,1671154181
415,port blair,11.6667,92.75,26.02,73,40,2.06,IN,1671154182
416,seoul,37.5683,126.9778,-6.34,44,0,3.6,KR,1671153897
417,tabuk,17.4189,121.4443,26.11,81,100,1.22,PH,1671154183
418,chuy,-33.6971,-53.4616,15.68,76,2,4.9,UY,1671154183
419,gorlitz,51.1552,14.9885,-4.46,85,100,1.92,DE,1671154184
420,arona,28.0996,-16.681,15.29,75,40,3.6,ES,1671154184
421,san matias,-16.3667,-58.4,23.81,90,100,1.81,BO,1671154185
422,creel,27.75,-107.6333,2.92,36,4,2.04,MX,1671154185
423,svetlaya,46.5389,138.3297,-17.08,69,5,5.66,RU,1671154186
424,lao cai,22.4833,103.95,15.23,81,24,0.44,VN,1671154186
425,mayo,38.8876,-76.5119,10.04,94,100,5.14,US,1671154187
426,cloquet,46.7216,-92.4594,0.9,94,99,3.49,US,1671154187
427,lisala,2.15,21.5167,20.79,88,87,0.5,CD,1671154187
428,puerto baquerizo moreno,-0.9,-89.6,21.59,85,49,3.14,EC,1671154188
429,flinders,-34.5833,150.8552,21.14,49,86,4.92,AU,1671154189
430,olmos,-5.9847,-79.7453,22.17,61,21,2.41,PE,1671154189
431,puksoozero,62.5903,40.6066,-8.02,89,100,4.06,RU,1671154190
432,husavik,66.0449,-17.3389,-8.04,77,100,1.88,IS,1671154190
433,kasane,-17.8167,25.15,20.13,90,100,1.13,BW,1671154190
434,zimovniki,47.1483,42.4633,0.85,88,100,3.83,RU,1671154191
435,balikpapan,-1.2675,116.8289,25.55,89,40,2.57,ID,1671154186
436,mahibadhoo,3.7833,72.9667,26.74,71,10,1.71,MV,1671154192
437,kavieng,-2.5744,150.7967,28.39,71,99,3.22,PG,1671154192
438,kovdor,67.5662,30.4758,-12.0,93,100,3.33,RU,1671154192
439,grindavik,63.8424,-22.4338,-5.74,63,20,9.26,IS,1671154193
440,ihosy,-22.4,46.1167,19.36,94,94,2.3,MG,1671154194
441,pevek,69.7008,170.3133,-29.65,85,100,0.93,RU,1671154194
442,alice springs,-23.7,133.8833,25.75,14,75,6.17,AU,1671154194
443,ancud,-41.8697,-73.8203,11.69,76,95,2.33,CL,1671154195
444,bereda,43.2686,-7.5406,6.99,100,100,0.59,ES,1671154195
445,kozhevnikovo,56.2589,83.9714,-26.59,100,62,1.33,RU,1671154196
446,northam,51.0333,-4.2167,-4.86,86,3,1.63,GB,1671154196
447,leshan,29.5623,103.7639,9.48,75,100,1.57,CN,1671154197
448,libreville,0.3925,9.4537,28.01,78,75,4.12,GA,1671154197
449,jalu,29.0331,21.5482,18.78,43,0,3.71,LY,1671154198
450,quang ngai,15.1167,108.8,21.7,86,100,2.71,VN,1671154198
451,bonavista,48.6499,-53.1147,2.06,89,100,13.94,CA,1671154199
452,parkes,-33.1333,148.1833,20.47,27,0,3.12,AU,1671154199
453,loudi,27.7344,111.9944,7.97,54,100,4.15,CN,1671154200
454,sheridan,44.8333,-106.9173,-6.1,69,0,12.35,US,1671154200
455,buin,-33.7333,-70.75,28.95,36,0,0.74,CL,1671154201
456,chiredzi,-21.05,31.6667,22.54,79,100,0.85,ZW,1671154202
457,xixiang,35.1628,112.865,-0.34,26,100,0.86,CN,1671154202
458,isla vista,34.4133,-119.861,13.88,86,0,2.57,US,1671154203
459,chinhoyi,-17.3667,30.2,18.35,84,81,0.6,ZW,1671154203
460,yangambi,0.8102,24.4336,19.57,96,63,0.84,CD,1671154204
461,komsomolskiy,40.4272,71.7189,-0.6,86,5,2.06,UZ,1671154204
462,sertanopolis,-23.0586,-51.0364,26.04,67,93,0.75,BR,1671154205
463,lusambo,-4.9667,23.45,20.19,98,100,0.75,CD,1671154205
464,jiuquan,39.7432,98.5174,-11.74,78,100,2.08,CN,1671154206
465,taywarah,33.35,64.4167,-1.1,50,0,1.52,AF,1671154206
466,fairview,40.8126,-73.999,6.28,86,100,6.69,US,1671154207
467,kloulklubed,7.0419,134.2556,28.28,73,40,8.82,PW,1671154207
468,beloha,-25.1667,45.05,22.17,87,100,1.99,MG,1671154208
469,belyy yar,53.6039,91.3903,-18.06,92,75,1.0,RU,1671154208
470,kirakira,-10.4544,161.9205,29.2,70,31,2.64,SB,1671153913
471,russell,32.3502,-85.1999,10.78,87,0,0.0,US,1671154209
472,north adams,42.7009,-73.1087,3.09,79,100,9.26,US,1671153945
473,chipurupalle,18.3,83.5667,22.34,84,43,1.5,IN,1671154210
474,brae,60.3964,-1.353,2.9,65,99,6.09,GB,1671154210
475,yangjiang,21.85,111.9667,16.6,80,77,3.08,CN,1671154211
476,bilma,18.6853,12.9164,20.31,19,100,3.46,NE,1671154211
477,plettenberg bay,-34.0527,23.3716,19.48,93,100,2.02,ZA,1671154212
478,pangnirtung,66.1451,-65.7125,-13.37,97,99,3.53,CA,1671154212
479,bollnas,61.3482,16.3946,-13.71,96,12,1.64,SE,1671154213
480,biggar,55.6167,-3.5167,-4.61,98,45,1.99,GB,1671154213
481,coihueco,-36.6167,-71.8333,23.41,38,0,7.72,CL,1671154214
482,waqqas,32.5427,35.6053,17.53,81,0,0.78,JO,1671154215
483,presidencia roque saenz pena,-26.7852,-60.4388,22.02,42,4,1.98,AR,1671154215
484,dutse,11.7594,9.3392,18.8,22,99,2.92,NG,1671154216
485,havelock,34.8791,-76.9013,18.99,91,0,5.14,US,1671154216
486,dongsheng,39.8161,109.9776,-15.39,38,0,8.01,CN,1671154217
487,mount gambier,-37.8333,140.7667,14.83,65,97,5.01,AU,1671154217
488,sisimiut,66.9395,-53.6735,-2.23,85,100,8.35,GL,1671154218
489,iskateley,67.6803,53.1512,-8.44,87,100,9.62,RU,1671154218
490,new castle,41.0037,-80.347,4.68,96,100,2.06,US,1671154219
491,lincoln,40.8,-96.667,-3.39,68,39,5.36,US,1671154197
492,qasigiannguit,68.8193,-51.1922,-2.86,94,100,3.56,GL,1671154219
493,sechura,-5.5569,-80.8222,21.2,76,43,4.29,PE,1671154220
494,codrington,-38.2667,141.9667,15.41,69,99,7.26,AU,1671154220
495,yar-sale,66.8333,70.8333,-11.5,93,100,6.2,RU,1671154221
496,champerico,14.3,-91.9167,25.86,73,4,3.09,GT,1671154221
497,san pedro,14.35,121.0167,30.2,74,75,2.06,PH,1671154222
498,muros,42.7762,-9.0603,10.61,96,100,4.28,ES,1671154222
499,cervo,43.6702,-7.4101,11.65,93,100,7.19,ES,1671154223
500,antsohihy,-14.8796,47.9875,23.7,86,100,1.02,MG,1671154223
501,borzya,50.3833,116.5167,-26.99,95,98,1.48,RU,1671154224
502,mayskiy,47.6931,40.1025,-0.33,95,100,4.86,RU,1671154224
503,birin,26.8865,88.0718,11.19,77,91,0.58,NP,1671154225
504,cumana,10.4635,-64.1775,24.81,85,1,4.57,VE,1671154225
505,hirado,33.3597,129.5531,9.66,67,98,4.66,JP,1671154226
506,deputatskiy,69.3,139.9,-37.85,97,7,0.3,RU,1671154227
507,tual,-5.6667,132.75,26.97,83,88,7.99,ID,1671154227
508,bandrele,-12.9067,45.1914,25.86,89,40,1.54,YT,1671154228
509,nouakchott,18.0858,-15.9785,20.96,52,0,4.99,MR,1671154080
510,male,4.1748,73.5089,25.97,89,40,1.54,MV,1671154140
511,zunyi,27.6867,106.9072,4.41,94,100,1.56,CN,1671154229
512,kutum,14.2,24.6667,13.57,41,43,3.2,SD,1671154229
513,tarbolton,55.5129,-4.4865,-4.56,100,0,3.09,GB,1671154230
514,el cope,8.6167,-80.6,19.86,92,100,2.55,PA,1671154231
515,southbridge,42.0751,-72.0334,4.4,96,100,2.24,US,1671154231
516,abu kamal,34.4506,40.9171,13.28,68,0,3.28,SY,1671154232
517,dakar,14.6937,-17.4441,25.07,83,0,3.09,SN,1671154211
518,san policarpo,12.1791,125.5072,27.93,81,65,5.71,PH,1671154232
519,maiduguri,11.8464,13.1603,20.53,24,99,3.19,NG,1671154233
520,namatanai,-3.6667,152.4333,29.17,70,66,4.57,PG,1671153845
521,galesong,-5.3166,119.3661,26.01,78,100,1.6,ID,1671154233
522,roald,62.5833,6.1333,2.09,86,40,4.63,NO,1671154234
523,caucaia,-3.7361,-38.6531,27.24,75,40,4.12,BR,1671154234
524,selma,36.5708,-119.6121,9.46,87,0,0.0,US,1671153999
525,muleba,-1.8397,31.6544,18.33,82,60,2.43,TZ,1671154235
526,arvin,35.2091,-118.8284,14.67,53,100,1.04,US,1671154235
527,rawson,-43.3002,-65.1023,15.55,62,6,3.46,AR,1671153989
528,kingman,35.1894,-114.053,7.71,50,0,3.6,US,1671154236
529,lorengau,-2.0226,147.2712,26.73,82,100,2.82,PG,1671154237
530,rio grande,-32.035,-52.0986,20.01,79,42,7.19,BR,1671154237
